Dimension,MULTITHREAD_3AVX Mean,MULTITHREAD_9AVX Mean,t-statistic,p-value,Adjusted Alpha,Decision
50,0.0098453682,0.0098959481,-0.06095300030769275,0.951520775611099,0.00625,Fail to Reject H0
100,0.0097226516,0.0119748106,-2.7322250036662683,0.0075147462565115205,0.00625,Fail to Reject H0
200,0.013804568,0.0143803235,-0.8003817646504279,0.42546047558364963,0.00625,Fail to Reject H0
500,0.0292023339,0.0287922443,0.3413539741242293,0.7336127740561158,0.00625,Fail to Reject H0
750,0.0472069809,0.0468706906,0.3347138285335795,0.7386450522569256,0.00625,Fail to Reject H0
1000,0.0725487283,0.0715988319,0.837343862311559,0.40447591072062916,0.00625,Fail to Reject H0
1500,0.14942654,0.1465768033,2.815728165622791,0.006607156304658586,0.00625,Fail to Reject H0
2000,0.2751939565,0.2626815852,3.9980581727263464,0.0001450342608060594,0.00625,Reject H0: MULTITHREAD_9AVX algorithm is better
