Algorithm,Dimension,Average Execution Time (seconds),Cycles,Instructions,Cycles per Instruction (CPI),Cache-Misses,Cache-References,Cache-Miss-Rate
BLAS,50,0.000004,131608569,46949278,2.80320,11887,36584,.32492
NAIVE,50,0.000091,247915600,94767445,2.61604,9443,35958,.26261
SINGLETHREAD,50,0.000088,252029492,94744680,2.66009,11945,35050,.34079
